date;time;bf_11r;bf_hts;ds_11r;ds_hts;ub_11r;ub_hts;nb_11r;nb_hts;
529;2030;1.4;3.0;1.33;3.15;1.25;3.0;1.37;2.85;
530;2027;1.45;2.02;1.33;3.15;1.25;3.0;1.37;2.85;
531;2006;1.56;2.35;1.42;2.80;1.25;3.0;1.40;2.85;
601;1514;1.56;2.3;1.45;2.70;1.25;3.0;1.45;2.75;
601;1526;1.56;2.3;1.50;2.55;1.25;3.0;1.45;2.75;
601;2007;1.56;2.34;1.50;2.55;1.25;3.0;1.50;2.50;
602;0858;1.6;2.32;1.50;2.55;1.25;3.0;1.50;2.50;
602;0922;1.6;2.32;1.60;2.30;1.25;3.0;1.50;2.50;
602;1709;1.56;2.36;1.65;2.20;1.68;2.10;1.60;2.35;
603;1836;1.63;2.06;1.65;2.20;1.68;2.10;1.70;2.15;
603;1933;1.63;2.12;1.65;2.20;1.68;2.10;1.70;2.15;
603;1941;1.63;2.12;1.65;2.20;1.68;2.10;1.70;2.15;
603;1948;1.63;2.12;1.65;2.20;1.68;2.10;1.70;2.15;
603;2021;1.63;2.12;1.65;2.20;1.68;2.10;1.70;2.15;
603;2055;1.63;2.12;1.65;2.20;1.68;2.10;1.70;2.15;
603;2202;1.63;2.14;1.65;2.20;1.68;2.10;1.70;2.15;
603;2236;1.63;2.18;1.65;2.20;1.68;2.10;1.70;2.15;
603;2310;1.63;2.18;1.65;2.20;1.68;2.10;1.70;2.15;
603;2344;1.63;2.18;1.65;2.20;1.68;2.10;1.70;2.15;
604;0125;1.63;2.18;1.65;2.20;1.68;2.10;1.70;2.15;
604;0158;1.63;2.18;1.65;2.20;1.68;2.10;1.70;2.15;
604;0232;1.63;2.18;1.65;2.20;1.68;2.10;1.70;2.15;
604;0306;1.63;2.18;1.65;2.20;1.68;2.10;1.70;2.15;
604;0339;1.63;2.18;1.65;2.20;1.68;2.10;1.70;2.15;
604;0413;1.63;2.18;1.65;2.20;1.68;2.10;1.70;2.15;
604;0447;1.63;2.18;1.65;2.20;1.68;2.10;1.70;2.15;
604;0521;1.63;2.18;1.65;2.20;1.68;2.10;1.70;2.15;
604;0555;1.63;2.18;1.65;2.20;1.68;2.10;1.70;2.15;
604;0629;1.63;2.18;1.65;2.20;1.68;2.10;1.70;2.15;
604;0703;1.63;2.18;1.65;2.20;1.68;2.10;1.70;2.15;
604;0737;1.63;2.2;1.65;2.20;1.68;2.10;1.70;2.15;
604;0810;1.63;2.2;1.65;2.20;1.75;2.00;1.70;2.15;
604;0844;1.64;2.22;1.65;2.20;1.75;2.00;1.70;2.15;
604;1011;1.64;2.2;1.75;2.05;1.75;2.00;1.75;2.00;
604;1020;1.64;2.2;1.75;2.05;1.75;2.00;1.75;2.00;
604;1054;1.66;2.2;1.75;2.05;1.75;2.00;1.75;2.00;
604;1101;1.66;2.2;1.75;2.05;1.75;2.00;1.75;2.00;
604;1120;1.66;2.2;1.75;2.05;1.75;2.00;1.75;2.00;
604;1154;1.66;2.2;1.75;2.05;1.75;2.00;1.75;2.00;
604;1228;1.66;2.2;1.75;2.05;1.75;2.00;1.75;2.00;
604;1302;1.66;2.2;1.75;2.05;1.75;2.00;1.75;2.00;
604;1326;1.66;2.2;1.75;2.05;1.75;2.00;1.75;2.00;
604;1400;1.66;2.2;1.75;2.05;1.75;2.00;1.75;2.00;
604;1434;1.66;2.2;1.75;2.05;1.75;2.00;1.75;2.00;
604;1441;1.66;2.2;1.75;2.05;1.75;2.00;1.75;2.00;
604;1454;1.66;2.2;1.75;2.05;1.75;2.00;1.75;2.00;
604;1528;1.66;2.2;1.75;2.05;1.75;2.00;1.75;2.00;
604;1602;1.66;2.2;1.75;2.05;1.75;2.00;1.75;2.00;
604;1636;1.66;2.2;1.75;2.05;1.75;2.00;1.75;2.00;
604;1855;1.68;2.2;1.75;2.05;1.75;2.00;1.75;2.00;
604;1858;1.68;2.2;1.75;2.05;1.75;2.00;1.75;2.00;
604;1909;1.69;2.2;1.75;2.05;1.75;2.00;1.75;2.00;
604;1913;1.69;2.2;1.75;2.05;1.75;2.00;1.75;2.00;
604;1917;1.69;2.2;1.75;2.05;1.75;2.00;1.75;2.00;
604;1920;1.69;2.2;1.75;2.05;1.75;2.00;1.75;2.00;
604;1924;1.69;2.2;1.75;2.05;1.75;2.00;1.75;2.00;
604;1927;1.69;2.2;1.75;2.05;1.75;2.00;1.75;2.00;
604;1931;1.69;2.2;1.75;2.05;1.75;2.00;1.75;2.00;
604;1935;1.69;2.2;1.75;2.05;1.75;2.00;1.75;2.00;
604;1939;1.69;2.2;1.75;2.05;1.75;2.00;1.75;2.00;
604;1942;1.69;2.2;1.75;2.05;1.75;2.00;1.75;2.00;
604;1946;1.69;2.2;1.75;2.05;1.75;2.00;1.75;2.00;
604;1950;1.69;2.2;1.75;2.05;1.75;2.00;1.75;2.00;
604;1953;1.69;2.2;1.75;2.05;1.75;2.00;1.75;2.00;
604;1957;1.69;2.2;1.75;2.05;1.75;2.00;1.75;2.00;
604;2001;1.69;2.2;1.75;2.05;1.75;2.00;1.75;2.00;
604;2028;1.71;2.2;1.75;2.05;1.75;2.00;1.75;2.00;
604;2032;1.71;2.2;1.75;2.05;1.75;2.00;1.75;2.00;
604;2035;1.71;2.2;1.75;2.05;1.75;2.00;1.75;2.00;
604;2039;1.71;2.2;1.75;2.05;1.75;2.00;1.75;2.00;
604;2043;1.71;2.12;1.75;2.05;1.75;2.00;1.75;2.00;
604;2046;1.71;2.12;1.75;2.05;1.75;2.00;1.75;2.00;
604;2050;1.71;2.12;1.75;2.05;1.75;2.00;1.75;2.00;
604;2054;1.71;2.12;1.75;2.05;1.75;2.00;1.75;2.00;
604;2057;1.71;2.12;1.75;2.05;1.75;2.00;1.75;2.00;
604;2101;1.71;2.12;1.75;2.05;1.75;2.00;1.75;2.00;
604;2104;1.71;2.12;1.75;2.05;1.75;2.00;1.75;2.00;
604;2108;1.71;2.12;1.75;2.05;1.75;2.00;1.75;2.00;
604;2112;1.71;2.12;1.75;2.05;1.75;2.00;1.75;2.00;
604;2115;1.71;2.12;1.75;2.05;1.75;2.00;1.75;2.00;
604;2119;1.71;2.12;1.75;2.05;1.75;2.00;1.75;2.00;
604;2123;1.71;2.12;1.75;2.05;1.75;2.00;1.75;2.00;
604;2127;1.71;2.12;1.75;2.05;1.75;2.00;1.75;2.00;
604;2130;1.71;2.12;1.75;2.05;1.75;2.00;1.75;2.00;
604;2134;1.71;2.12;1.75;2.05;1.75;2.00;1.75;2.00;
604;2138;1.71;2.12;1.75;2.05;1.75;2.00;1.75;2.00;
604;2141;1.71;2.12;1.75;2.05;1.75;2.00;1.75;2.00;
604;2145;1.71;2.12;1.75;2.05;1.75;2.00;1.75;2.00;
604;2148;1.71;2.12;1.75;2.05;1.75;2.00;1.75;2.00;
604;2152;1.71;2.02;1.75;2.05;1.75;2.00;1.75;2.00;
604;2156;1.71;2.02;1.75;2.05;1.75;2.00;1.75;2.00;
604;2200;1.71;2.02;1.75;2.05;1.75;2.00;1.75;2.00;
604;2203;1.71;2.02;1.75;2.05;1.75;2.00;1.75;2.00;
604;2207;1.71;2.02;1.75;2.05;1.75;2.00;1.75;2.00;
604;2210;1.71;2.02;1.75;2.05;1.75;2.00;1.75;2.00;
604;2214;1.71;2.02;1.75;2.05;1.75;2.00;1.75;2.00;
604;2220;1.71;2.02;1.75;2.05;1.75;2.00;1.75;2.00;
604;2223;1.71;2.02;1.75;2.05;1.75;2.00;1.75;2.00;
604;2227;1.71;2.02;1.75;2.05;1.75;2.00;1.75;2.00;
604;2231;1.71;2.02;1.75;2.05;1.75;2.00;1.75;2.00;
604;2234;1.71;2.02;1.75;2.05;1.75;2.00;1.75;2.00;
604;2238;1.71;2.02;1.75;2.05;1.75;2.00;1.75;2.00;
604;2242;1.71;2.02;1.75;2.05;1.75;2.00;1.75;2.00;
604;2245;1.71;2.02;1.75;2.05;1.75;2.00;1.75;2.00;
604;2249;1.71;2.02;1.75;2.05;1.75;2.00;1.75;2.00;
604;2253;1.71;2.02;1.75;2.05;1.75;2.00;1.75;2.00;
604;2256;1.71;2.02;1.75;2.05;1.75;2.00;1.75;2.00;
604;2300;1.71;2.02;1.75;2.05;1.75;2.00;1.75;2.00;
604;2304;1.71;2.02;1.75;2.05;1.75;2.00;1.75;2.00;
604;2307;1.71;2.02;1.75;2.05;1.75;2.00;1.75;2.00;
604;2311;1.71;2.02;1.75;2.05;1.75;2.00;1.75;2.00;
604;2315;1.71;2.02;1.75;2.05;1.75;2.00;1.75;2.00;
604;2319;1.71;2.02;1.75;2.05;1.75;2.00;1.75;2.00;
604;2322;1.71;2.02;1.75;2.05;1.75;2.00;1.75;2.00;
604;2326;1.71;2.02;1.75;2.05;1.75;2.00;1.75;2.00;
604;2330;1.71;2.02;1.75;2.05;1.75;2.00;1.75;2.00;
604;2333;1.71;2.02;1.75;2.05;1.75;2.00;1.75;2.00;
604;2337;1.71;2.02;1.75;2.05;1.75;2.00;1.75;2.00;
604;2341;1.71;2.02;1.75;2.05;1.75;2.00;1.75;2.00;
604;2345;1.71;2.02;1.75;2.05;1.75;2.00;1.75;2.00;
604;2349;1.71;2.02;1.75;2.05;1.75;2.00;1.75;2.00;
604;2352;1.71;2.02;1.75;2.05;1.75;2.00;1.75;2.00;
604;2356;1.71;2.02;1.75;2.05;1.75;2.00;1.75;2.00;
605;0000;1.71;2.02;1.75;2.05;1.75;2.00;1.75;2.00;
605;003;1.71;2.02;1.75;2.05;1.75;2.00;1.75;2.00;
605;0012;1.71;2.02;1.75;2.05;1.75;2.00;1.75;2.00;
605;0016;1.71;2.02;1.75;2.05;1.75;2.00;1.75;2.00;
605;0019;1.71;2.02;1.75;2.05;1.75;2.00;1.75;2.00;
605;0023;1.71;2.02;1.75;2.05;1.75;2.00;1.75;2.00;
605;0027;1.71;2.02;1.75;2.05;1.75;2.00;1.75;2.00;
605;0030;1.71;2.02;1.75;2.05;1.75;2.00;1.75;2.00;
605;0034;1.71;2.02;1.75;2.05;1.75;2.00;1.75;2.00;
605;0038;1.71;2.02;1.75;2.05;1.75;2.00;1.75;2.00;
605;0042;1.71;2.02;1.75;2.05;1.75;2.00;1.75;2.00;
605;0045;1.71;2.02;1.75;2.05;1.75;2.00;1.75;2.00;
605;0049;1.71;2.02;1.75;2.05;1.75;2.00;1.75;2.00;
605;0053;1.71;2.02;1.75;2.05;1.75;2.00;1.75;2.00;
605;0056;1.71;2.02;1.75;2.05;1.75;2.00;1.75;2.00;
605;0100;1.71;2.02;1.75;2.05;1.75;2.00;1.75;2.00;
605;0104;1.71;2.02;1.75;2.05;1.75;2.00;1.75;2.00;
605;0107;1.71;2.02;1.75;2.05;1.75;2.00;1.75;2.00;
605;0111;1.71;2.02;1.75;2.05;1.75;2.00;1.75;2.00;
605;0115;1.71;2.02;1.75;2.05;1.75;2.00;1.75;2.00;
605;0119;1.71;2.02;1.75;2.05;1.75;2.00;1.75;2.00;
605;0122;1.71;2.02;1.75;2.05;1.75;2.00;1.75;2.00;
605;0126;1.71;2.02;1.75;2.05;1.75;2.00;1.75;2.00;
605;0130;1.71;2.02;1.75;2.05;1.75;2.00;1.75;2.00;
605;0134;1.71;2.02;1.75;2.05;1.75;2.00;1.75;2.00;
605;0137;1.71;2.02;1.75;2.05;1.75;2.00;1.75;2.00;
605;0141;1.71;2.02;1.75;2.05;1.75;2.00;1.75;2.00;
605;0145;1.71;2.02;1.75;2.05;1.75;2.00;1.75;2.00;
605;0149;1.71;2.02;1.75;2.05;1.75;2.00;1.75;2.00;
605;0152;1.71;2.02;1.75;2.05;1.75;2.00;1.75;2.00;
605;0156;1.71;2.02;1.75;2.05;1.75;2.00;1.75;2.00;
605;0200;1.71;2.02;1.75;2.05;1.75;2.00;1.75;2.00;
605;0203;1.71;2.02;1.75;2.05;1.75;2.00;1.75;2.00;
605;0207;1.71;2.02;1.75;2.05;1.75;2.00;1.75;2.00;
605;0211;1.71;2.02;1.75;2.05;1.75;2.00;1.75;2.00;
605;0215;1.71;2.02;1.75;2.05;1.75;2.00;1.75;2.00;
605;0218;1.71;2.02;1.75;2.05;1.75;2.00;1.75;2.00;
605;0222;1.71;2.02;1.75;2.05;1.75;2.00;1.75;2.00;
605;0226;1.71;2.02;1.75;2.05;1.75;2.00;1.75;2.00;
605;0229;1.71;2.02;1.75;2.05;1.75;2.00;1.75;2.00;
605;0233;1.71;2.02;1.75;2.05;1.75;2.00;1.75;2.00;
605;0237;1.71;2.02;1.75;2.05;1.75;2.00;1.75;2.00;
605;0241;1.71;2.02;1.75;2.05;1.75;2.00;1.75;2.00;
605;0244;1.71;2.02;1.75;2.05;1.75;2.00;1.75;2.00;
605;0248;1.71;2.02;1.75;2.05;1.75;2.00;1.75;2.00;
605;0252;1.71;2.02;1.75;2.05;1.75;2.00;1.75;2.00;
605;0256;1.71;2.02;1.75;2.05;1.75;2.00;1.75;2.00;
605;0303;1.71;2.02;1.75;2.05;1.75;2.00;1.75;2.00;
605;0307;1.71;2.02;1.75;2.05;1.75;2.00;1.75;2.00;
605;0310;1.71;2.02;1.75;2.05;1.75;2.00;1.75;2.00;
605;0314;1.71;2.02;1.75;2.05;1.75;2.00;1.75;2.00;
605;0318;1.71;2.02;1.75;2.05;1.75;2.00;1.75;2.00;
605;0322;1.71;2.02;1.75;2.05;1.75;2.00;1.75;2.00;
605;0325;1.71;2.02;1.75;2.05;1.75;2.00;1.75;2.00;
605;0329;1.71;2.02;1.75;2.05;1.75;2.00;1.75;2.00;
605;0333;1.71;2.02;1.75;2.05;1.75;2.00;1.75;2.00;
605;0336;1.71;2.02;1.75;2.05;1.75;2.00;1.75;2.00;
605;0340;1.71;2.02;1.75;2.05;1.75;2.00;1.75;2.00;
605;0344;1.71;2.02;1.75;2.05;1.75;2.00;1.75;2.00;
605;0348;1.71;2.02;1.75;2.05;1.75;2.00;1.75;2.00;
605;0351;1.71;2.02;1.75;2.05;1.75;2.00;1.75;2.00;
605;0355;1.71;2.02;1.75;2.05;1.75;2.00;1.75;2.00;
605;0359;1.71;2.02;1.75;2.05;1.75;2.00;1.75;2.00;
605;0403;1.71;2.02;1.75;2.05;1.75;2.00;1.75;2.00;
605;0946;1.72;2.04;1.75;2.05;1.75;2.00;1.75;2.00;
605;0954;1.72;2.04;1.75;2.05;1.75;2.00;1.75;2.00;
605;0958;1.72;2.04;1.75;2.05;1.75;2.00;1.75;2.00;
605;1005;1.72;2.1;1.75;2.05;1.75;2.00;1.75;2.00;
605;1012;1.72;2.1;1.75;2.05;1.75;2.00;1.75;2.00;
605;1102;1.73;2.1;1.75;2.05;1.75;2.00;1.75;2.00;
605;1335;1.76;2.1;1.75;2.05;1.75;2.00;1.75;2.00;
605;1408;1.76;2.1;1.75;2.05;1.75;2.00;1.75;2.00;
605;1441;1.76;2.1;1.75;2.05;1.75;2.00;1.75;2.00;
605;1516;1.76;2.06;1.75;2.05;1.75;2.00;1.75;2.00;
605;1522;1.76;2.06;1.75;2.05;1.75;2.00;1.75;2.00;
605;1527;1.76;2.06;1.75;2.05;1.75;2.00;1.75;2.00;
605;1532;1.76;2.06;1.75;2.05;1.75;2.00;1.75;2.00;
605;1538;1.76;2.06;1.75;2.05;1.75;2.00;1.75;2.00;
605;1544;1.77;2.06;1.75;2.05;1.75;2.00;1.75;2.00;
605;1552;1.78;2.06;1.75;2.05;1.75;2.00;1.75;2.00;
605;1559;1.78;2.06;1.75;2.05;1.75;2.00;1.75;2.00;
605;1632;1.78;2.06;1.75;2.05;1.75;2.00;1.75;2.00;
0605;1720;1.78;2.06;1.75;2.05;1.75;2.00;1.75;2.00;
0605;1724;1.79;2.06;1.75;2.05;1.75;2.00;1.75;2.00;
0605;1728;1.79;2.06;1.75;2.05;1.75;2.00;1.75;2.00;
0605;1801;1.79;2.06;1.75;2.05;1.75;2.00;1.75;2.00;
0605;1822;1.8;2.06;1.75;2.05;1.75;2.00;1.75;2.00;
0605;1827;1.8;2.06;1.75;2.05;1.75;2.00;1.75;2.00;
0605;1900;1.8;2.06;1.75;2.05;1.75;2.00;1.75;2.00;
0605;1933;1.8;2.06;1.75;2.05;1.75;2.00;1.75;2.00;
0605;2006;1.8;2.06;1.75;2.05;1.75;2.00;1.75;2.00;
0605;2039;1.8;2.06;1.75;2.05;1.75;2.00;1.75;2.00;
0605;2113;1.8;2.06;1.75;2.05;1.75;2.00;1.75;2.00;
0605;2146;1.8;2.06;1.75;2.05;1.75;2.00;1.75;2.00;
0605;2219;1.8;2.06;1.75;2.05;1.75;2.00;1.75;2.00;
0605;2252;1.8;2.06;1.75;2.05;1.75;2.00;1.75;2.00;
0605;2326;1.8;2.06;1.75;2.05;1.75;2.00;1.75;2.00;
0605;2359;1.8;2.06;1.75;2.05;1.75;2.00;1.75;2.00;
0606;0032;1.8;2.06;1.75;2.05;1.75;2.00;1.75;2.00;
0606;0105;1.8;2.06;1.75;2.05;1.75;2.00;1.75;2.00;
0606;0138;1.8;2.06;1.75;2.05;1.75;2.00;1.75;2.00;
0606;0211;1.8;2.06;1.75;2.05;1.75;2.00;1.75;2.00;
0606;0244;1.8;2.06;1.75;2.05;1.75;2.00;1.75;2.00;
0606;0318;1.8;2.06;1.75;2.05;1.75;2.00;1.75;2.00;
0606;0351;1.8;2.06;1.75;2.05;1.75;2.00;1.75;2.00;
0606;0424;1.8;2.06;1.75;2.05;1.75;2.00;1.75;2.00;
0606;0457;1.8;2.06;1.75;2.05;1.75;2.00;1.75;2.00;
0606;0530;1.8;2.06;1.75;2.05;1.75;2.00;1.75;2.00;
0606;0604;1.8;2.06;1.75;2.05;1.75;2.00;1.75;2.00;
0606;0637;1.8;2.06;1.75;2.05;1.75;2.00;1.75;2.00;
0606;0710;1.8;2.06;1.75;2.05;1.75;2.00;1.75;2.00;
0606;0743;1.8;2.06;1.75;2.05;1.75;2.00;1.75;2.00;
0606;0817;1.8;2.06;1.75;2.05;1.75;2.00;1.75;2.00;
0606;0850;1.8;2.06;1.75;2.05;1.75;2.00;1.75;2.00;
0606;0923;1.8;2.06;1.75;2.05;1.75;2.00;1.75;2.00;
0606;0956;1.8;2.06;1.75;2.05;1.75;2.00;1.75;2.00;
0606;1029;1.8;2.06;1.75;2.05;1.75;2.00;1.75;2.00;
0606;1103;1.8;2.06;1.75;2.05;1.75;2.00;1.75;2.00;
0606;1136;1.8;2.06;1.75;2.05;1.75;2.00;1.75;2.00;
0606;1209;1.8;2.06;1.75;2.05;1.75;2.00;1.75;2.00;
0606;1242;1.8;2.06;1.75;2.05;1.75;2.00;1.85;1.95;
0606;1315;1.79;2.10;1.75;2.05;1.75;2.00;1.85;1.95;
0606;1349;1.79;2.10;1.75;2.05;1.75;2.00;1.85;1.95;
0606;1422;1.79;2.12;1.75;2.05;1.75;2.00;1.85;1.95;
0606;1455;1.79;2.12;1.75;2.05;1.75;2.00;1.85;1.95;
0606;1526;1.79;2.12;1.80;1.95;1.75;2.00;1.85;1.95;
0606;1842;1.79;2.12;1.80;1.95;1.75;2.00;1.85;1.95;
0606;1913;1.79;2.12;1.80;1.95;1.75;2.00;1.85;1.95;
0606;2003;1.79;2.12;1.80;1.95;1.75;2.00;1.85;1.95;
0606;2049;1.79;2.12;1.80;1.95;1.75;2.00;1.85;1.95;
0606;2136;1.79;2.12;1.80;1.95;1.75;2.00;1.85;1.95;
0607;0003;1.79;2.12;1.80;1.95;1.75;2.00;1.85;1.95;
0607;1144;1.90;2.10;1.80;1.95;1.75;2.00;1.85;1.95;
0607;1259;1.91;2.10;1.80;1.95;1.75;2.00;1.85;1.95;
0607;1401;1.90;2.10;1.80;1.95;1.75;2.00;1.85;1.95;
0607;1413;1.90;2.10;1.80;1.95;1.75;2.00;1.85;1.95;
0607;1530;1.91;2.10;1.80;1.95;1.75;2.00;1.85;1.95;
0607;1822;1.92;2.10;1.80;1.95;1.75;2.00;1.85;1.95;
0607;1917;1.92;2.10;1.80;1.95;1.75;2.00;1.85;1.95;
0607;1957;1.92;2.10;1.80;1.95;1.75;2.00;1.85;1.95;
0607;2009;1.92;2.10;1.80;1.95;1.75;2.00;1.85;1.95;
0607;2019;1.92;2.10;1.80;1.95;1.75;2.00;1.85;1.95;
0607;2040;1.92;2.10;1.80;1.95;1.75;2.00;1.85;1.95;
0607;2050;1.92;2.10;1.80;1.95;1.75;2.00;1.85;1.95;
0607;2058;1.92;2.10;1.80;1.95;1.75;2.00;1.85;1.95;
0607;2100;1.92;2.10;1.80;1.95;1.75;2.00;1.85;1.95;
0607;2338;1.41;2.10;1.80;1.95;1.75;2.00;1.85;1.95;
0608;0100;1.41;2.10;1.80;1.95;1.75;2.00;1.85;1.95;
0608;0100;1.41;2.10;1.80;1.95;1.75;2.00;1.85;1.95;
0608;0900;1.86;2.10;1.95;1.80;1.75;2.00;1.85;1.95;
0608;1022;1.86;2.10;1.95;1.80;1.75;2.00;1.85;1.95;
0608;1025;1.86;2.10;1.95;1.80;1.75;2.00;1.85;1.95;
0608;1037;1.86;1.36;1.95;1.80;1.75;2.00;1.85;1.95
0608;1040;1.86;1.36;1.95;1.80;1.75;2.00;1.85;1.95
0608;1043;1.86;1.36;1.95;1.80;1.75;2.00;1.85;1.95
0608;1046;1.86;1.36;1.95;1.80;1.75;2.00;1.85;1.95
0608;1110;1.86;1.36;1.95;1.80;1.75;2.00;1.90;1.85
0608;1113;1.86;1.36;1.95;1.80;1.75;2.00;1.90;1.85
0608;1116;1.86;1.36;1.95;1.80;1.75;2.00;1.90;1.85
0608;1119;1.86;1.36;1.95;1.80;1.75;2.00;1.90;1.85
0608;1122;1.86;1.36;1.95;1.80;1.75;2.00;1.90;1.85
0608;1125;1.86;1.36;1.95;1.80;1.75;2.00;1.90;1.85
0608;1131;1.86;1.36;1.95;1.80;1.75;2.00;1.90;1.85
0608;1134;1.86;1.36;1.95;1.80;1.75;2.00;1.90;1.85
0608;1137;1.86;1.36;1.95;1.80;1.75;2.00;1.90;1.85
0608;1140;1.86;1.36;1.95;1.80;1.75;2.00;1.90;1.85
0608;1142;1.86;1.36;1.95;1.80;1.75;2.00;1.90;1.85
0608;1147;1.86;1.36;1.95;1.80;1.75;2.00;1.90;1.85
0608;1150;1.86;1.36;1.95;1.80;1.75;2.00;1.90;1.85
0608;1153;1.86;1.36;1.95;1.80;1.75;2.00;1.90;1.85
0608;1156;1.86;1.36;1.95;1.80;1.75;2.00;1.90;1.85
0608;1159;1.86;1.36;1.95;1.80;1.75;2.00;1.90;1.85
0608;1202;1.86;1.36;1.95;1.80;1.75;2.00;1.90;1.85
0608;1205;1.86;1.36;1.95;1.80;1.75;2.00;1.90;1.85
0608;1208;1.86;1.36;1.95;1.80;1.75;2.00;1.90;1.85
0608;1211;1.86;1.36;1.95;1.80;1.75;2.00;1.90;1.85
0608;1214;1.86;1.36;1.95;1.80;1.75;2.00;1.90;1.85
0608;1217;1.86;1.36;1.95;1.80;1.75;2.00;1.90;1.85
0608;1220;1.86;1.36;1.95;1.80;1.75;2.00;1.90;1.85
0608;1223;1.86;1.36;1.95;1.80;1.75;2.00;1.90;1.85
0608;1227;1.86;1.36;1.95;1.80;1.75;2.00;1.90;1.85
0608;1230;1.86;1.36;1.95;1.80;1.75;2.00;1.90;1.85
0608;1232;1.86;1.36;1.95;1.80;1.75;2.00;1.90;1.85
0608;1235;1.86;1.36;1.95;1.80;1.75;2.00;1.90;1.85
0608;1238;1.86;1.36;1.95;1.80;1.75;2.00;1.90;1.85
0608;1241;1.86;1.36;1.95;1.80;1.75;2.00;1.90;1.85
0608;1244;1.86;1.36;1.95;1.80;1.75;2.00;1.90;1.85
0608;1247;1.86;1.36;1.95;1.80;1.75;2.00;1.90;1.85
0608;1250;1.86;1.36;1.95;1.80;1.75;2.00;1.90;1.85
0608;1253;1.86;1.36;1.95;1.80;1.75;2.00;1.90;1.85
0608;1256;1.86;1.36;1.95;1.80;1.75;2.00;1.90;1.85
0608;1302;1.86;1.36;1.95;1.80;1.75;2.00;1.90;1.85
0608;1305;1.86;1.36;1.95;1.80;1.75;2.00;1.90;1.85
0608;1308;1.86;1.36;1.95;1.80;1.75;2.00;1.90;1.85
0608;1311;1.86;1.36;1.95;1.80;1.75;2.00;1.90;1.85
0608;1314;1.86;1.36;1.95;1.80;1.75;2.00;1.90;1.85
0608;1317;1.86;1.36;1.95;1.80;1.75;2.00;1.90;1.85
0608;1323;1.86;1.36;1.95;1.80;1.75;2.00;1.90;1.85
0608;1326;1.86;1.36;1.95;1.80;1.75;2.00;1.90;1.85
0608;1329;1.86;1.36;1.95;1.80;1.75;2.00;1.90;1.85
0608;1517;1.86;2.00;1.95;1.80;1.75;2.00;1.90;1.85
0608;1703;1.86;2.00;1.95;1.80;1.75;2.00;1.90;1.85
0608;1723;1.86;2.00;1.95;1.80;1.75;2.00;1.90;1.85
0608;1732;1.86;2.00;1.95;1.80;1.75;2.00;1.90;1.85
0608;1751;1.86;2.00;1.95;1.80;1.75;2.00;1.90;1.85
0608;1826;1.86;2.00;1.95;1.80;1.75;2.00;1.90;1.85
0608;1829;1.86;2.00;1.95;1.80;1.75;2.00;1.90;1.85
0608;1832;1.86;2.00;1.95;1.80;1.75;2.00;1.90;1.85
0608;1835;1.86;2.00;1.95;1.80;1.75;2.00;1.90;1.85
0608;1838;1.86;2.00;1.95;1.80;1.75;2.00;1.90;1.85
0608;1841;1.86;2.00;1.95;1.80;1.75;2.00;1.90;1.85
0608;1844;1.86;2.00;1.95;1.80;1.75;2.00;1.90;1.85
0608;1847;1.86;2.00;1.95;1.80;1.75;2.00;1.90;1.85
0608;1850;1.86;2.00;1.95;1.80;1.75;2.00;1.90;1.85
0608;1853;1.86;2.00;1.95;1.80;1.75;2.00;1.90;1.85
0608;1857;1.86;2.00;1.95;1.80;1.75;2.00;1.90;1.85
0608;1900;1.86;2.00;1.95;1.80;1.75;2.00;1.90;1.85
0608;1904;1.86;2.00;1.95;1.80;1.75;2.00;1.90;1.85
0608;1907;1.86;2.00;1.95;1.80;1.75;2.00;1.90;1.85
0608;1910;1.86;2.00;1.95;1.80;1.75;2.00;1.90;1.85
0608;1913;1.86;2.02;1.95;1.80;1.75;2.00;1.90;1.85
0608;1916;1.86;2.02;1.95;1.80;1.75;2.00;1.90;1.85
0608;1920;1.86;2.02;1.95;1.80;1.75;2.00;1.90;1.85
0608;1931;1.86;2.02;1.95;1.80;1.75;2.00;1.90;1.85
0608;1934;1.86;2.02;1.95;1.80;1.75;2.00;1.90;1.85
0608;1938;1.86;2.02;1.95;1.80;1.75;2.00;1.90;1.85
0608;1941;1.86;2.02;1.95;1.80;1.75;2.00;1.90;1.85
0608;1943;1.86;2.02;1.95;1.80;1.75;2.00;1.90;1.85
0608;1946;1.86;2.02;1.95;1.80;1.75;2.00;1.90;1.85
0608;1949;1.86;2.02;1.95;1.80;1.75;2.00;1.90;1.85
0608;1952;1.86;2.02;1.95;1.80;1.75;2.00;1.90;1.85
0608;1959;1.86;2.02;1.95;1.80;1.75;2.00;1.90;1.85
0608;2002;1.86;2.02;1.95;1.80;1.75;2.00;1.90;1.85
0608;2005;1.86;2.02;1.95;1.80;1.75;2.00;1.90;1.85
0608;2008;1.86;2.02;1.95;1.80;1.75;2.00;1.90;1.85
0608;2011;1.86;2.02;1.95;1.80;1.75;2.00;1.90;1.85
0608;2014;1.86;2.02;1.95;1.80;1.75;2.00;1.90;1.85
0608;2017;1.86;2.02;1.95;1.80;1.75;2.00;1.90;1.85
0608;2020;1.86;2.02;1.95;1.80;1.75;2.00;1.90;1.85
0608;2023;1.86;2.02;1.95;1.80;1.75;2.00;1.90;1.85
0608;2026;1.86;2.02;1.95;1.80;1.75;2.00;1.90;1.85
0608;2029;1.86;2.02;1.95;1.80;1.75;2.00;1.90;1.85
0608;2032;1.86;2.02;1.95;1.80;1.75;2.00;1.90;1.85
0608;2035;1.86;2.02;1.95;1.80;1.75;2.00;1.90;1.85
0608;2038;1.86;2.02;1.95;1.80;1.75;2.00;1.90;1.85
0608;2041;1.86;2.02;1.95;1.80;1.75;2.00;1.90;1.85
0608;2044;1.86;2.02;1.95;1.80;1.75;2.00;1.90;1.85
0608;2047;1.86;2.02;1.95;1.80;1.75;2.00;1.90;1.85
0608;2050;1.86;2.02;1.95;1.80;1.75;2.00;1.90;1.85
0608;2053;1.86;2.02;1.95;1.80;1.75;2.00;1.90;1.85
0608;2056;1.86;2.02;1.95;1.80;1.75;2.00;1.90;1.85
0608;2059;1.86;2.02;1.95;1.80;1.75;2.00;1.90;1.85
0608;2105;1.86;2.02;1.95;1.80;1.75;2.00;1.90;1.85
0608;2114;1.86;2.02;1.95;1.80;1.75;2.00;1.90;1.85
0608;2117;1.86;2.02;1.95;1.80;1.75;2.00;1.90;1.85
0608;2120;1.86;2.02;1.95;1.80;1.75;2.00;1.90;1.85
0608;2123;1.86;2.02;1.95;1.80;1.75;2.00;1.90;1.85
0608;2126;1.86;2.02;1.95;1.80;1.75;2.00;1.90;1.85
0608;2129;1.86;2.02;1.95;1.80;1.75;2.00;1.90;1.85
0608;2132;1.86;2.02;1.95;1.80;1.75;2.00;1.90;1.85
0608;2135;1.86;2.02;1.95;1.80;1.75;2.00;1.90;1.85
0608;2138;1.86;2.02;1.95;1.80;1.75;2.00;1.90;1.85
0608;2141;1.86;2.02;1.95;1.80;1.75;2.00;1.90;1.85
0608;2144;1.86;2.02;1.95;1.80;1.75;2.00;1.90;1.85
0608;2147;1.86;2.02;1.95;1.80;1.75;2.00;1.90;1.85
0608;2150;1.86;2.02;1.95;1.80;1.75;2.00;1.90;1.85
0608;2153;1.86;2.02;1.95;1.80;1.75;2.00;1.90;1.85
0608;2156;1.86;2.02;1.95;1.80;1.75;2.00;1.90;1.85
0608;2300;1.86;2.02;1.95;1.80;1.75;2.00;1.90;1.85
0609;0940;1.86;1.36;1.95;1.80;1.75;2.00;1.90;1.85
0609;1008;1.86;1.80;1.95;1.80;1.75;2.00;1.90;1.85
0609;1037;1.86;1.81;1.95;1.80;1.75;2.00;1.90;1.85
0609;1040;2.0;1.81;1.95;1.80;1.75;2.00;1.90;1.85
0609;1043;2.0;1.81;1.95;1.80;1.75;2.00;1.90;1.85
0609;1046;2.0;1.81;1.95;1.80;1.75;2.00;1.90;1.85
0609;1049;2.0;1.81;1.95;1.80;1.75;2.00;1.90;1.85
0609;1052;2.0;1.81;1.95;1.80;1.75;2.00;1.90;1.85
0609;1055;2.0;1.81;1.95;1.80;1.75;2.00;1.90;1.85
0609;1058;2.0;1.81;1.95;1.80;1.75;2.00;1.90;1.85
0609;1101;2.0;1.81;1.95;1.80;1.75;2.00;1.90;1.85
0609;1104;2.0;1.81;1.95;1.80;1.75;2.00;1.90;1.85
0609;1107;2.0;1.81;1.95;1.80;1.75;2.00;1.90;1.85
0609;1110;2.0;1.81;1.95;1.80;1.75;2.00;1.90;1.85
0609;1114;2.0;1.81;1.95;1.80;1.75;2.00;1.90;1.85
0609;1118;2.0;1.81;1.95;1.80;1.75;2.00;1.90;1.85
0609;1121;2.0;1.81;1.95;1.80;1.75;2.00;1.90;1.85
0609;1124;2.0;1.81;1.95;1.80;1.75;2.00;1.90;1.85
0609;1127;2.0;1.81;1.95;1.80;1.75;2.00;1.90;1.85
0609;1130;2.0;1.81;1.95;1.80;1.75;2.00;1.90;1.85
0609;1133;2.0;1.81;1.95;1.80;1.75;2.00;1.90;1.85
0609;1136;2.0;1.81;1.95;1.80;1.75;2.00;1.90;1.85
0609;1140;2.0;1.81;1.95;1.80;1.75;2.00;1.90;1.85
0609;1143;2.0;1.81;1.95;1.80;1.75;2.00;1.90;1.85
0609;1146;2.0;1.36;1.95;1.80;1.75;2.00;1.90;1.85
0609;1149;2.0;1.36;1.95;1.80;1.75;2.00;1.90;1.85
0609;1152;2.0;1.36;1.95;1.80;1.75;2.00;1.90;1.85
0609;1155;2.0;1.36;1.95;1.80;1.75;2.00;1.90;1.85
0609;1158;2.0;1.36;1.95;1.80;1.75;2.00;1.90;1.85
0609;1202;2.0;1.36;1.95;1.80;1.75;2.00;1.90;1.85
0609;1205;2.0;1.36;1.95;1.80;1.75;2.00;1.90;1.85
0609;1208;2.0;1.36;1.95;1.80;1.75;2.00;1.90;1.85
0609;1212;2.0;1.36;1.95;1.80;1.75;2.00;1.90;1.85
0609;1215;2.0;1.36;1.95;1.80;1.75;2.00;1.90;1.85
0609;1218;2.0;1.36;1.95;1.80;1.75;2.00;1.90;1.85
0609;1222;2.0;1.36;1.95;1.80;1.75;2.00;1.90;1.85
0609;1225;2.0;1.36;1.95;1.80;1.75;2.00;1.90;1.85
0609;1228;2.0;1.36;1.95;1.80;1.75;2.00;1.90;1.85
0609;1231;2.0;1.36;1.95;1.80;1.75;2.00;1.90;1.85
0609;1234;2.0;1.5;1.95;1.80;1.75;2.00;1.90;1.85
0609;1237;2.0;1.66;1.95;1.80;1.75;2.00;1.90;1.85
0609;1240;2.0;1.66;1.95;1.80;1.75;2.00;1.90;1.85
0609;1244;2.0;1.66;1.95;1.80;1.75;2.00;1.90;1.85
0609;1247;2.0;1.7;1.95;1.80;1.75;2.00;1.90;1.85
0609;1250;2.0;1.7;1.95;1.80;1.75;2.00;1.90;1.85
0609;1253;2.0;1.7;1.95;1.80;1.75;2.00;1.90;1.85
0609;1257;2.0;1.7;1.95;1.80;1.75;2.00;1.90;1.85
0609;1300;2.0;1.7;1.95;1.80;1.75;2.00;1.90;1.85
0609;1303;2.0;1.7;1.95;1.80;1.75;2.00;1.90;1.85
0609;1323;2.0;1.74;1.95;1.80;1.75;2.00;1.90;1.85
0609;1413;2.0;1.8;1.95;1.80;1.75;2.00;1.90;1.85
0609;1430;2.0;1.8;1.95;1.80;1.75;2.00;1.90;1.85
0609;1433;2.0;1.8;1.95;1.80;1.75;2.00;1.90;1.85
0609;1436;2.02;1.8;1.95;1.80;1.75;2.00;1.90;1.85
0609;1439;2.02;1.8;1.95;1.80;1.75;2.00;1.90;1.85
0609;1443;2.02;1.8;1.95;1.80;1.75;2.00;1.90;1.85
0609;1446;2.02;1.8;1.95;1.80;1.75;2.00;1.90;1.85
0609;1449;2.02;1.8;1.95;1.80;1.75;2.00;1.90;1.85
0609;1452;2.02;1.8;1.95;1.80;1.75;2.00;1.90;1.85
0609;1456;2.02;1.8;1.95;1.80;1.75;1.85;1.90;1.85
0609;1459;2.02;1.8;1.95;1.80;1.75;1.85;1.90;1.85
0609;1502;2.02;1.8;1.95;1.80;1.75;1.85;1.90;1.85
0609;1506;2.02;1.8;1.95;1.80;1.75;1.85;1.90;1.85
0609;1509;2.02;1.8;1.95;1.80;1.75;1.85;1.90;1.85
0609;1709;2.02;1.8;2.05;1.70;1.75;1.85;1.90;1.85
0609;1742;2.02;1.8;2.05;1.70;1.75;1.85;1.90;1.85
0609;1745;2.02;1.8;2.05;1.70;1.75;1.85;1.90;1.85
0609;1749;2.02;1.8;1.95;1.80;1.75;1.85;1.90;1.85
0609;1752;2.02;1.8;1.95;1.80;1.75;1.85;1.90;1.85
0609;1803;2.02;1.8;1.95;1.80;1.75;1.85;1.90;1.85
0609;1806;2.02;1.8;1.95;1.80;1.75;1.85;1.90;1.85
0609;1809;2.02;1.8;1.95;1.80;1.75;1.85;1.90;1.85
0609;1813;2.02;1.8;1.95;1.80;1.75;1.85;1.90;1.85
0609;1816;2.02;1.8;1.95;1.80;1.75;1.85;1.90;1.85
0609;1819;2.02;1.8;1.95;1.80;1.75;1.85;1.90;1.85
0609;1823;2.02;1.8;1.95;1.80;1.75;1.85;1.90;1.85
0609;1826;2.02;1.8;1.95;1.80;1.75;1.85;1.90;1.85
0609;1829;2.02;1.8;1.95;1.80;1.75;1.85;1.90;1.85
0609;1832;2.02;1.8;1.95;1.80;1.75;1.85;1.90;1.85
0609;1835;2.02;1.84;1.95;1.80;1.75;1.85;1.90;1.85
0609;1838;2.02;1.84;1.95;1.80;1.75;1.85;1.90;1.85
0609;1841;2.02;1.84;1.95;1.80;1.75;1.85;1.90;1.85
0609;1844;2.02;1.84;1.95;1.80;1.75;1.85;1.90;1.85
0609;1848;2.02;1.84;1.95;1.80;1.75;1.85;1.90;1.85
0609;1853;2.02;1.84;1.95;1.80;1.75;1.85;1.90;1.85
0609;1859;2.02;1.84;1.95;1.80;1.75;1.85;1.90;1.85
0609;1902;2.02;1.84;1.95;1.80;1.75;1.85;1.90;1.85
0609;1905;2.02;1.84;1.95;1.80;1.75;1.85;1.90;1.85
0609;1908;2.02;1.84;1.95;1.80;1.75;1.85;1.90;1.85
0609;1911;2.02;1.84;1.95;1.80;1.75;1.85;1.90;1.85
0609;1915;2.02;1.84;1.95;1.80;1.75;1.85;1.90;1.85
0609;1918;2.02;1.84;1.95;1.80;1.75;1.85;1.90;1.85
0609;1922;2.02;1.84;1.95;1.80;1.75;1.85;1.90;1.85
0609;1925;2.02;1.84;1.95;1.80;1.75;1.85;1.90;1.85
0609;1928;2.02;1.84;1.95;1.80;1.75;1.85;1.90;1.85
0609;1931;2.02;1.84;1.95;1.80;1.75;1.85;1.90;1.85
0609;1934;2.02;1.84;1.95;1.80;1.75;1.85;1.90;1.85
0609;1936;2.02;1.84;1.95;1.80;1.75;1.85;1.90;1.85
0609;1940;2.02;1.84;1.95;1.80;1.75;1.85;1.90;1.85
0609;1944;2.02;1.84;1.95;1.80;1.75;1.85;1.90;1.85
0609;1947;2.02;1.84;1.95;1.80;1.75;1.85;1.90;1.85
0609;1950;2.02;1.84;1.95;1.80;1.75;1.85;1.90;1.85
0609;1953;2.02;1.84;1.95;1.80;1.75;1.85;1.90;1.85
0609;1956;2.02;1.84;1.95;1.80;1.75;1.85;1.90;1.85
0609;1959;2.02;1.84;1.95;1.80;1.75;1.85;1.90;1.85
0609;2002;2.02;1.84;1.95;1.80;1.75;1.85;1.90;1.85
0609;2005;2.02;1.84;1.95;1.80;1.75;1.85;1.90;1.85
0609;2008;2.02;1.84;1.95;1.80;1.75;1.85;1.90;1.85
0609;2011;2.02;1.84;1.95;1.80;1.75;1.85;1.90;1.85
0609;2014;2.02;1.84;1.95;1.80;1.75;1.85;1.90;1.85
0609;2017;2.02;1.84;1.95;1.80;1.75;1.85;1.90;1.85
0609;2021;2.02;1.84;1.95;1.80;1.75;1.85;1.90;1.85
0609;2024;2.02;1.84;1.95;1.80;1.75;1.85;1.90;1.85
0609;2027;2.02;1.84;1.95;1.80;1.75;1.85;1.90;1.85
0609;2030;2.02;1.84;1.95;1.80;1.75;1.85;1.90;1.85
0609;2033;2.02;1.84;1.95;1.80;1.75;1.85;1.90;1.85
0609;2036;2.02;1.84;1.95;1.80;1.75;1.85;1.90;1.85
0609;2039;2.02;1.84;1.95;1.80;1.75;1.85;1.90;1.85
0609;2042;2.02;1.84;1.95;1.80;1.75;1.85;1.90;1.85
0609;2046;2.02;1.84;1.95;1.80;1.75;1.85;1.90;1.85
0609;2049;2.02;1.84;1.95;1.80;1.75;1.85;1.90;1.85
0609;2052;2.02;1.84;1.95;1.80;1.75;1.85;1.90;1.85
0609;2055;2.02;1.84;1.95;1.80;1.75;1.85;1.90;1.85
0609;2058;2.02;1.84;1.95;1.80;1.75;1.85;1.90;1.85
0609;2101;2.02;1.84;1.95;1.80;1.75;1.85;1.90;1.85
0609;2104;2.02;1.84;1.95;1.80;1.75;1.85;1.90;1.85
0609;2107;2.02;1.84;1.95;1.80;1.75;1.85;1.90;1.85
0609;2110;2.02;1.84;1.95;1.80;1.75;1.85;1.90;1.85
0609;2113;2.02;1.84;1.95;1.80;1.75;1.85;1.90;1.85
0609;2116;2.02;1.84;1.95;1.80;1.75;1.85;1.90;1.85
0609;2119;2.02;1.84;1.95;1.80;1.75;1.85;1.90;1.85
0609;2122;2.02;1.84;1.95;1.80;1.75;1.85;1.90;1.85
0609;2125;2.02;1.84;1.95;1.80;1.75;1.85;1.90;1.85
0609;2128;2.02;1.84;1.95;1.80;1.75;1.85;1.90;1.85
0609;2132;2.02;1.84;1.95;1.80;1.75;1.85;1.90;1.85
0609;2135;2.02;1.84;1.95;1.80;1.75;1.85;1.90;1.85
0609;2138;2.02;1.84;1.95;1.80;1.75;1.85;1.90;1.85
0609;2141;2.02;1.84;1.95;1.80;1.75;1.85;1.90;1.85
0609;2143;2.02;1.84;1.95;1.80;1.75;1.85;1.90;1.85
0609;2147;2.02;1.84;1.95;1.80;1.75;1.85;1.90;1.85
0609;2150;2.02;1.84;1.95;1.80;1.75;1.85;1.90;1.85
0609;2152;2.02;1.84;1.95;1.80;1.75;1.85;1.90;1.85
0609;2155;2.02;1.84;1.95;1.80;1.75;1.85;1.90;1.85
0609;2158;1.86;1.84;1.95;1.80;1.75;1.85;1.90;1.85
0609;2201;1.86;1.84;1.95;1.80;1.75;1.85;1.90;1.85
0609;2204;1.86;1.84;1.95;1.80;1.75;1.85;1.90;1.85
0609;2207;1.86;1.84;1.95;1.80;1.75;1.85;1.90;1.85
0609;2210;1.86;1.84;1.95;1.80;1.75;1.85;1.90;1.85
0609;2213;1.86;1.84;1.95;1.80;1.75;1.85;1.90;1.85
0609;2216;1.86;1.84;1.95;1.80;1.75;1.85;1.90;1.85
0609;2220;1.86;1.84;1.95;1.80;1.75;1.85;1.90;1.85
0609;2223;1.86;1.86;1.95;1.80;1.75;1.85;1.90;1.85
0609;2226;1.86;1.87;1.95;1.80;1.75;1.85;1.90;1.85
0609;2229;1.86;1.87;1.95;1.80;1.75;1.85;1.90;1.85
0609;2232;1.86;1.88;1.95;1.80;1.75;1.85;1.90;1.85
0609;2235;1.86;1.88;1.95;1.80;1.75;1.85;1.90;1.85
0609;2238;1.86;1.88;1.95;1.80;1.75;1.85;1.90;1.85
0609;2241;1.86;1.88;1.95;1.80;1.75;1.85;1.90;1.85
0609;2244;1.86;1.88;1.95;1.80;1.75;1.85;1.90;1.85
0610;0852;1.90;1.81;1.90;1.85;1.75;1.85;1.90;1.85
0610;0952;1.9;1.81;1.90;1.85;1.75;1.85;1.90;1.85
0610;0955;1.9;1.81;1.90;1.85;1.75;1.85;1.90;1.85
0610;0958;1.9;1.81;1.90;1.85;1.75;1.85;1.90;1.85
0610;1001;1.93;1.81;1.90;1.85;1.75;1.85;1.90;1.85
0610;1005;1.93;1.81;1.90;1.85;1.75;1.85;1.90;1.85
0610;1008;1.93;1.81;1.90;1.85;1.75;1.85;1.90;1.85
0610;1011;1.93;1.81;1.90;1.85;1.75;1.85;1.90;1.85
0610;1014;1.93;1.81;1.90;1.85;1.75;1.85;1.90;1.85
0610;1017;1.93;1.83;1.90;1.85;1.75;1.85;1.90;1.85
0610;1020;1.93;1.83;1.90;1.85;1.75;1.85;1.90;1.85
0610;1023;1.93;1.83;1.90;1.85;1.75;1.85;1.90;1.85
0610;1026;1.93;1.83;1.90;1.85;1.75;1.85;1.90;1.85
0610;1513;1.93;1.87;1.90;1.85;1.85;1.95;1.90;1.85
0610;1516;1.93;1.87;1.90;1.85;1.85;1.95;1.90;1.85
0610;1519;1.93;1.87;1.90;1.85;1.85;1.95;1.90;1.85
0610;1522;1.93;1.87;1.90;1.85;1.85;1.95;1.90;1.85
0610;1525;1.93;1.87;1.90;1.85;1.85;1.95;1.90;1.85
0610;1540;1.93;1.87;1.90;1.85;1.85;1.95;1.90;1.85
0610;1543;1.93;1.87;1.90;1.85;1.85;1.95;1.90;1.85
0610;1547;1.93;1.87;1.90;1.85;1.85;1.95;1.90;1.85
0610;1550;1.93;1.87;1.90;1.85;1.85;1.95;1.90;1.85
0610;1555;1.93;1.87;1.90;1.85;1.85;1.95;1.90;1.85
0610;1558;1.93;1.87;1.90;1.85;1.85;1.95;1.90;1.85
0610;1604;1.93;1.87;1.90;1.85;1.85;1.95;1.90;1.85
0610;1607;1.93;1.87;1.90;1.85;1.85;1.95;1.90;1.85
0610;1611;1.93;1.87;1.90;1.85;1.85;1.95;1.90;1.85
0610;1614;1.93;1.87;1.90;1.85;1.85;1.95;1.90;1.85
0610;1617;1.93;1.87;1.90;1.85;1.85;1.95;1.90;1.85
0610;1620;1.93;1.87;1.90;1.85;1.85;1.95;1.90;1.85
0610;1623;1.93;1.87;1.90;1.85;1.85;1.95;1.90;1.85
0610;1626;1.93;1.87;1.90;1.85;1.85;1.95;1.90;1.85
0610;1653;1.93;1.87;1.90;1.85;1.85;1.95;1.90;1.85
0610;1656;1.93;1.87;1.90;1.85;1.85;1.95;1.90;1.85
0610;1700;1.93;1.87;1.90;1.85;1.85;1.95;1.90;1.85
0610;1703;1.93;1.87;1.90;1.85;1.85;1.95;1.90;1.85
0610;1713;1.93;1.87;1.90;1.85;1.85;1.95;1.90;1.85
0610;1721;1.93;1.87;1.90;1.85;1.85;1.95;1.90;1.85
0610;1729;1.93;1.87;1.90;1.85;1.85;1.85;1.90;1.85
0610;1747;2.04;1.87;1.90;1.85;1.85;1.85;1.90;1.85
0610;1803;2.04;1.87;1.90;1.85;1.85;1.85;1.90;1.85
0610;1820;2.04;1.87;1.90;1.85;1.85;1.85;1.90;1.85
0610;1836;2.04;1.87;1.90;1.85;1.85;1.85;1.90;1.85
0610;1852;2.04;1.87;1.90;1.85;1.85;1.85;1.90;1.85
0610;1909;2.04;1.87;1.90;1.85;1.85;1.85;1.90;1.85
0610;1925;2.04;1.87;1.90;1.85;1.85;1.85;1.90;1.85
0610;1941;2.04;1.87;1.90;1.85;1.85;1.95;1.90;1.85
0610;1957;2.04;1.87;1.90;1.85;1.85;1.95;1.90;1.85
0610;2014;2.04;1.87;1.90;1.85;1.85;1.95;1.90;1.85
0610;2030;2.04;1.87;1.90;1.85;1.85;1.95;1.90;1.85
0610;2046;2.04;1.87;1.90;1.85;1.85;1.95;1.90;1.85
0610;2102;2.04;1.87;1.90;1.85;1.85;1.95;1.90;1.85
0610;2119;2.04;1.87;1.90;1.85;1.85;1.95;1.90;1.85
0610;2135;2.04;1.87;1.90;1.85;1.85;1.95;1.90;1.85
0610;2152;2.04;1.87;1.90;1.85;1.85;1.95;1.90;1.85
0610;2209;2.04;1.87;1.90;1.85;1.85;1.95;1.90;1.85
0610;2226;2.04;1.87;1.90;1.85;1.85;1.95;1.90;1.85
0610;2242;2.04;1.87;1.90;1.85;1.85;1.95;1.90;1.85
0610;2259;2.04;1.87;1.90;1.85;1.85;1.95;1.90;1.85
0610;2315;2.04;1.87;1.90;1.85;1.85;1.95;1.90;1.85
0610;2331;2.04;1.87;1.90;1.85;1.85;1.95;1.90;1.85
0610;2347;2.04;1.87;1.90;1.85;1.85;1.95;1.90;1.85
0611;0003;2.04;1.87;1.90;1.85;1.85;1.95;1.90;1.85
0611;0020;2.04;1.87;1.90;1.85;1.85;1.95;1.90;1.85
0611;0036;2.04;1.87;1.90;1.85;1.85;1.95;1.90;1.85
0611;0052;2.04;1.87;1.90;1.85;1.85;1.95;1.90;1.85
0611;0108;2.04;1.87;1.90;1.85;1.85;1.95;1.90;1.85
0611;0124;2.04;1.87;1.90;1.85;1.85;1.95;1.90;1.85
0611;0141;2.04;1.87;1.90;1.85;1.85;1.95;1.90;1.85
0611;0157;2.04;1.87;1.90;1.85;1.85;1.95;1.90;1.85
0611;0213;2.04;1.87;1.90;1.85;1.85;1.95;1.90;1.85
0611;0229;2.04;1.87;1.90;1.85;1.85;1.95;1.90;1.85
0611;0245;2.04;1.87;1.90;1.85;1.85;1.95;1.90;1.85
0611;0302;2.04;1.87;1.90;1.85;1.85;1.95;1.90;1.85
0611;0318;2.04;1.87;1.90;1.85;1.85;1.95;1.90;1.85
0611;0334;2.04;1.87;1.90;1.85;1.85;1.95;1.90;1.85
0611;0350;2.04;1.87;1.90;1.85;1.85;1.95;1.90;1.85
0611;0406;2.04;1.87;1.90;1.85;1.85;1.95;1.90;1.85
0611;0423;2.04;1.87;1.90;1.85;1.85;1.95;1.90;1.85
0611;0439;2.04;1.87;1.90;1.85;1.85;1.95;1.90;1.85
0611;0455;2.04;1.87;1.90;1.85;1.85;1.95;1.90;1.85
0611;0511;2.04;1.87;1.90;1.85;1.85;1.95;1.90;1.85
0611;0527;2.04;1.87;1.90;1.85;1.85;1.95;1.90;1.85
0611;0544;2.04;1.87;1.90;1.85;1.85;1.95;1.90;1.85
0611;0600;2.04;1.87;1.90;1.85;1.85;1.95;1.90;1.85
0611;0616;2.04;1.87;1.90;1.85;1.85;1.95;1.90;1.85
0611;0632;2.04;1.87;1.90;1.85;1.85;1.95;1.90;1.85
0611;0649;2.04;1.87;1.90;1.85;1.85;1.95;1.90;1.85
0611;0705;2.04;1.87;1.90;1.85;1.85;1.95;1.90;1.85
0611;0721;2.04;1.87;1.90;1.85;1.85;1.95;1.90;1.85
0611;0737;2.04;1.87;1.90;1.85;1.85;1.95;1.90;1.85
0611;0754;2.04;1.87;1.90;1.85;1.85;1.95;1.90;1.85
0611;0810;2.04;1.87;1.95;1.85;1.85;1.95;1.90;1.85
0611;0827;2.04;1.87;1.95;1.85;1.85;1.95;1.90;1.85
0611;0843;2.04;1.87;1.95;1.85;1.85;1.95;1.90;1.85
0611;0859;2.04;1.87;1.95;1.85;1.85;1.95;1.90;1.85
0611;0916;2.04;1.87;1.95;1.85;1.85;1.95;1.90;1.85
0611;1014;1.95;1.95;1.95;1.85;1.85;1.95;1.90;1.85
0611;1723;1.97;1.97;1.95;1.85;1.95;1.85;1.90;1.85
0611;1801;1.97;1.98;1.95;1.85;1.95;1.85;1.90;1.85
0611;1805;1.97;1.98;1.95;1.85;1.95;1.85;1.90;1.85
0611;1810;1.97;1.98;1.95;1.85;1.95;1.85;1.90;1.85
0611;1815;1.97;1.98;1.95;1.85;1.95;1.85;1.90;1.85
0611;1819;1.97;1.98;1.95;1.85;1.95;1.85;1.90;1.85
0611;1849;1.97;1.98;1.95;1.85;1.95;1.85;1.90;1.85
0611;1909;1.97;1.98;1.95;1.85;1.95;1.85;1.90;1.85
0611;1954;1.97;1.98;1.95;1.85;1.95;1.85;1.90;1.85
0611;2142;2.00;1.96;1.95;1.85;1.95;1.85;1.90;1.85
0611;2214;2.00;1.96;1.95;1.85;1.95;1.85;1.90;1.85
0611;2217;2.00;1.96;1.95;1.85;1.95;1.85;1.90;1.85
0611;2220;2.00;1.96;1.95;1.85;1.95;1.85;1.90;1.85
0611;2223;2.00;1.96;1.95;1.85;1.95;1.85;1.90;1.85
0611;2226;2.00;1.96;1.95;1.85;1.95;1.85;1.90;1.85
0611;2229;2.00;1.96;1.95;1.85;1.95;1.85;1.90;1.85
0611;2231;2.00;1.96;1.95;1.85;1.95;1.85;1.90;1.85
0611;2235;2.00;1.96;1.95;1.85;1.95;1.85;1.90;1.85
0611;2238;2.00;1.96;1.95;1.85;1.95;1.85;1.90;1.85
0611;2241;2.00;1.96;1.95;1.85;1.95;1.85;1.90;1.85
0611;2244;2.00;1.96;1.95;1.85;1.95;1.85;1.90;1.85
0611;2246;2.00;1.96;1.95;1.85;1.95;1.85;1.90;1.85
0611;2249;2.00;1.96;1.95;1.85;1.95;1.85;1.90;1.85
0611;2252;2.00;1.96;1.95;1.85;1.95;1.85;1.90;1.85
0611;2255;2.00;1.96;1.95;1.85;1.95;1.85;1.90;1.85
0611;2258;2.00;1.96;1.95;1.85;1.95;1.85;1.90;1.85
0611;2301;2.00;1.96;1.95;1.85;1.95;1.85;1.90;1.85
0611;2303;2.00;1.96;1.95;1.85;1.95;1.85;1.90;1.85
0611;2306;2.00;1.96;1.95;1.85;1.95;1.85;1.90;1.85
0611;2310;2.00;1.96;1.90;1.90;1.95;1.85;1.90;1.85
0611;2312;2.00;1.96;1.85;1.95;1.95;1.85;1.90;1.85
0611;2315;2.00;1.96;1.85;1.95;1.95;1.85;1.90;1.85
0611;2318;2.00;1.96;1.85;1.95;1.95;1.85;1.90;1.85
0611;2321;2.00;1.96;1.85;1.95;1.95;1.85;1.90;1.85
0611;2324;2.00;1.96;1.85;1.95;1.95;1.85;1.90;1.85
0611;2326;2.00;1.96;1.85;1.95;1.95;1.85;1.90;1.85
0611;2329;2.00;1.96;1.85;1.95;1.95;1.85;1.90;1.85
0612;0900;1.97;2.00;1.85;1.95;1.85;1.95;1.90;1.85
0612;0951;1.97;1.96;1.85;1.95;1.85;1.95;1.90;1.85
0612;1024;1.96;1.97;1.90;1.90;1.85;1.95;1.90;1.85
0612;1057;1.96;1.97;1.90;1.90;1.85;1.95;1.90;1.85
0612;1130;1.96;1.97;1.90;1.90;1.85;1.95;1.90;1.85
0612;1203;1.96;1.97;1.90;1.90;1.85;1.95;1.90;1.90
0612;1236;1.96;1.97;1.85;1.95;1.85;1.95;1.90;1.90
0612;1308;1.94;1.97;1.85;1.95;1.85;1.95;1.90;1.90
0612;1341;1.94;1.98;1.85;1.95;1.85;1.95;1.90;1.90
0612;1414;1.94;1.98;1.85;1.95;1.85;1.95;1.90;1.90
0612;1447;1.92;1.98;1.85;1.95;1.85;1.95;1.90;1.90
0612;1520;1.92;1.98;1.85;1.95;1.85;1.95;1.90;1.90
0612;1553;1.92;2.02;1.85;1.95;1.85;1.95;1.90;1.90
0612;1625;1.86;2.02;1.85;1.95;1.85;1.95;1.90;1.90
0612;1658;1.86;2.02;1.85;1.95;1.85;1.95;1.90;1.90
0612;1731;1.86;2.02;1.85;1.95;1.85;1.95;1.90;1.90
0612;1804;1.86;2.02;1.85;1.95;1.85;1.95;1.90;1.90
0612;1934;1.86;1.98;1.85;1.95;1.85;1.95;1.90;1.90
0612;2037;1.86;1.98;1.85;1.95;1.85;1.95;1.90;1.90
0612;2110;1.86;1.95;1.85;1.95;1.85;1.95;1.90;1.90
0612;2143;1.86;1.97;1.85;1.95;1.85;1.95;1.90;1.90
0612;2216;1.86;1.97;1.85;1.95;1.85;1.95;1.90;1.90
0612;2248;1.86;1.97;1.85;1.95;1.85;1.95;1.90;1.90
0612;2321;1.86;1.97;1.85;1.95;1.85;1.95;1.90;1.90
0612;2354;1.86;1.97;1.85;1.95;1.85;1.95;1.90;1.90
0613;0027;1.86;1.97;1.85;1.95;1.85;1.95;1.90;1.90
0613;0059;1.86;1.97;1.85;1.95;1.85;1.95;1.90;1.90
0613;0132;1.86;1.97;1.85;1.95;1.85;1.95;1.90;1.90
0613;0205;1.86;1.97;1.85;1.95;1.85;1.95;1.90;1.90
0613;0238;1.86;1.97;1.85;1.95;1.85;1.95;1.90;1.90
0613;0311;1.86;1.97;1.85;1.95;1.85;1.95;1.90;1.90
0613;0344;1.86;1.97;1.85;1.95;1.85;1.95;1.90;1.90
0613;0417;1.86;1.97;1.85;1.95;1.85;1.95;1.90;1.90
0613;0449;1.86;1.97;1.85;1.95;1.85;1.95;1.90;1.90
0613;0522;1.86;1.97;1.85;1.95;1.85;1.95;1.90;1.90
0613;0556;1.86;1.97;1.85;1.95;1.85;1.95;1.90;1.90
0613;0628;1.86;1.97;1.85;1.95;1.85;1.95;1.90;1.90
0613;0701;1.86;1.97;1.85;1.95;1.85;1.95;1.90;1.90
0613;0734;1.86;1.97;1.85;1.95;1.85;1.95;1.90;1.90
0613;0807;1.86;1.97;1.85;1.95;1.85;1.95;1.90;1.90
0613;0840;1.86;1.97;1.85;1.95;1.85;1.95;1.90;1.90
0613;0913;1.86;1.97;1.85;1.95;1.85;1.95;1.90;1.90
0613;1030;1.86;1.97;1.85;1.95;1.85;1.95;1.90;1.90
0613;1103;1.86;1.97;1.85;1.95;1.85;1.95;1.90;1.90
0613;1136;1.41;1.97;1.85;1.95;1.75;1.95;1.90;1.90
0613;1209;1.5;1.97;1.85;1.95;1.75;1.95;1.85;1.90
0613;1242;1.5;1.97;1.85;1.95;1.75;1.95;1.85;1.90
0613;1315;1.5;1.97;1.85;1.95;1.75;1.95;1.85;1.90
0613;1453;1.66;1.97;1.85;1.95;1.75;1.95;1.85;1.90
0613;1526;1.76;1.97;1.85;1.95;1.75;1.95;1.85;1.90
0613;1559;1.77;1.97;1.85;1.95;1.75;1.95;1.85;1.90
0613;1632;1.77;1.97;1.85;1.95;1.75;1.95;1.85;1.90
0613;1754;1.76;2.1;1.85;1.95;1.75;1.95;1.85;1.90
0613;1827;1.76;2.1;1.85;1.95;1.75;1.95;1.85;1.90
0613;1900;1.76;2.1;1.85;1.95;1.75;1.95;1.85;1.90
0613;1933;1.76;2.1;1.85;1.95;1.75;1.95;1.85;1.90
0613;2006;1.55;2.1;1.85;1.95;1.75;1.95;1.85;1.90
0613;2039;1.56;2.16;1.85;1.95;1.75;1.95;1.85;1.90
0613;2113;1.61;2.16;1.85;1.95;1.75;1.95;1.85;1.90
0613;2146;1.61;2.16;1.85;1.95;1.75;1.95;1.85;1.90
0613;2220;1.61;2.16;1.85;1.95;1.75;1.95;1.85;1.90
0613;2253;1.62;2.16;1.85;1.95;1.75;1.95;1.85;1.90
0613;2326;1.62;2.16;1.85;1.95;1.75;1.95;1.85;1.90
0614;0034;1.62;2.16;1.85;1.95;1.75;1.95;1.85;1.90
0614;0034;1.62;2.16;1.85;1.95;1.75;1.95;1.85;1.90
0614;0107;1.62;2.16;1.85;1.95;1.75;1.95;1.85;1.90
0614;0140;1.62;2.16;1.85;1.95;1.75;1.95;1.85;1.90
0614;0213;1.62;2.16;1.85;1.95;1.75;1.95;1.85;1.90
0614;0246;1.62;2.16;1.85;1.95;1.75;1.95;1.85;1.90
0614;0319;1.62;2.16;1.85;1.95;1.75;1.95;1.85;1.90
0614;0352;1.62;2.16;1.85;1.95;1.75;1.95;1.85;1.90
0614;0425;1.62;2.16;1.85;1.95;1.75;1.95;1.85;1.90
0614;0458;1.62;2.16;1.85;1.95;1.75;1.95;1.85;1.90
0614;0531;1.62;2.2;1.85;1.95;1.75;1.95;1.85;1.90
0614;0604;1.62;2.2;1.85;1.95;1.75;1.95;1.85;1.90
0614;0637;1.62;2.2;1.85;1.95;1.75;1.95;1.85;1.90
0614;0710;1.62;2.2;1.85;1.95;1.75;1.95;1.85;1.90
0614;0742;1.62;2.2;1.85;1.95;1.75;1.95;1.85;1.90
0614;0815;1.62;2.2;1.85;1.95;1.75;1.95;1.85;1.90
0614;0849;1.63;2.2;1.85;1.95;1.75;1.95;1.85;1.90
0614;0923;1.63;2.24;1.85;1.95;1.75;1.95;1.85;1.90
0614;0957;1.63;2.24;1.85;1.95;1.75;1.95;1.85;1.90
0614;1031;1.63;2.24;1.85;1.95;1.75;1.95;1.85;1.90
0614;1105;1.63;2.24;1.85;1.95;1.75;1.95;1.85;1.90
0614;1138;1.63;2.24;1.85;1.95;1.75;1.95;1.85;1.90
0614;1304;1.63;2.24;1.85;1.95;1.75;1.95;1.85;1.90
0614;1337;1.63;2.24;1.90;1.90;1.75;1.95;1.85;1.90
0614;1409;1.63;2.24;1.90;1.90;1.75;1.95;1.85;1.90
0614;1442;1.63;2.24;1.90;1.90;1.75;1.95;1.85;1.90
0614;1515;1.63;2.24;1.90;1.90;1.75;1.95;1.85;1.90
0614;1548;1.63;2.24;1.90;1.90;1.75;1.95;1.85;1.90
0614;1621;1.63;2.24;1.90;1.90;1.75;1.95;1.85;1.90
0614;1803;1.74;2.24;1.65;2.25;1.75;1.95;1.85;1.90
0614;1931;1.67;2.24;1.65;2.25;1.75;1.95;1.85;1.90
0614;2047;1.67;2.24;1.65;2.25;1.75;1.95;1.85;1.90
0614;2346;1.67;2.24;1.65;2.25;1.75;1.95;1.75;2.00
0615;0830;1.67;2.24;1.65;2.25;1.72;2.00;1.75;2.00
0615;0939;1.67;2.24;1.65;2.25;1.72;2.00;1.70;2.10
0615;1135;1.41;2.24;1.65;2.25;1.72;2.00;1.70;2.10
0615;1125;1.41;2.24;1.65;2.25;1.72;2.00;1.70;2.10
0615;1207;1.41;2.24;1.65;2.25;1.72;2.00;1.70;2.10
0615;1240;1.41;2.24;1.65;2.25;1.72;2.00;1.70;2.10
0615;1314;1.41;2.24;1.65;2.25;1.72;2.00;1.70;2.10
0615;1346;1.42;2.26;1.65;2.25;1.72;2.00;1.70;2.10
0615;1413;1.50;2.26;1.65;2.25;1.72;2.00;1.70;2.10
0615;1419;1.5;2.26;1.65;2.2;1.72;2.00;1.70;2.10
0615;1454;1.5;2.26;1.65;2.2;1.72;2.00;1.70;2.10
0615;1527;1.42;2.26;1.65;2.2;1.72;2.00;1.70;2.10
0615;1602;1.53;2.26;1.65;2.2;1.72;2.00;1.70;2.10
0615;1635;1.53;2.26;1.65;2.2;1.72;2.00;1.70;2.10
0615;1708;1.53;2.26;1.65;2.2;1.72;2.00;1.70;2.10
0615;1730;1.53;2.26;1.65;2.2;1.72;2.00;1.65;2.20
0615;2118;1.58;2.26;1.65;2.2;1.72;2.00;1.65;2.20
0615;2339;1.59;2.26;1.65;2.2;1.72;2.00;1.65;2.20
0616;1108;1.65;2.28;1.90;1.90;1.65;2.00;1.65;2.20
0616;1203;1.65;2.28;1.90;1.90;1.65;2.00;1.65;2.20
0616;1254;1.69;2.30;1.90;1.90;1.65;2.00;1.85;1.95
0616;1325;1.70;2.28;1.85;1.95;1.65;2.00;1.85;1.95
0616;1415;1.7;2.28;1.85;1.95;1.65;2.00;1.85;1.95
0616;1421;1.7;2.28;1.85;1.95;1.65;2.00;1.85;1.95
0616;1425;1.7;2.28;1.85;1.95;1.65;2.00;1.85;1.95
0616;1535;1.7;2.42;1.85;1.95;1.65;2.00;1.85;1.95
0616;1559;1.7;2.34;1.85;1.95;1.65;2.00;1.85;1.95
